{
  "formatVersion": 1,
  "database": {
    "version": 1,
    "identityHash": "e9225f63e2e203c845ed9d64fca83fe9",
    "entities": [
      {
        "tableName": "ResumeContent",
        "createSql": "CREATE TABLE IF NOT EXISTS `${TABLE_NAME}` (`id` INTEGER PRIMARY KEY AUTOINCREMENT NOT NULL, `content_id` INTEGER NOT NULL, `source_type` TEXT, `source_url` TEXT, `poster` TEXT, `name` TEXT, `year` TEXT, `position` INTEGER NOT NULL, `duration` INTEGER NOT NULL, `content_type` TEXT, `type` INTEGER NOT NULL)",
        "fields": [
          {
            "fieldPath": "id",
            "columnName": "id",
            "affinity": "INTEGER",
            "notNull": true
          },
          {
            "fieldPath": "content_id",
            "columnName": "content_id",
            "affinity": "INTEGER",
            "notNull": true
          },
          {
            "fieldPath": "source_type",
            "columnName": "source_type",
            "affinity": "TEXT",
            "notNull": false
          },
          {
            "fieldPath": "source_url",
            "columnName": "source_url",
            "affinity": "TEXT",
            "notNull": false
          },
          {
            "fieldPath": "poster",
            "columnName": "poster",
            "affinity": "TEXT",
            "notNull": false
          },
          {
            "fieldPath": "name",
            "columnName": "name",
            "affinity": "TEXT",
            "notNull": false
          },
          {
            "fieldPath": "year",
            "columnName": "year",
            "affinity": "TEXT",
            "notNull": false
          },
          {
            "fieldPath": "position",
            "columnName": "position",
            "affinity": "INTEGER",
            "notNull": true
          },
          {
            "fieldPath": "duration",
            "columnName": "duration",
            "affinity": "INTEGER",
            "notNull": true
          },
          {
            "fieldPath": "content_type",
            "columnName": "content_type",
            "affinity": "TEXT",
            "notNull": false
          },
          {
            "fieldPath": "type",
            "columnName": "type",
            "affinity": "INTEGER",
            "notNull": true
          }
        ],
        "primaryKey": {
          "columnNames": [
            "id"
          ],
          "autoGenerate": true
        },
        "indices": [],
        "foreignKeys": []
      }
    ],
    "views": [],
    "setupQueries": [
      "CREATE TABLE IF NOT EXISTS room_master_table (id INTEGER PRIMARY KEY,identity_hash TEXT)",
      "INSERT OR REPLACE INTO room_master_table (id,identity_hash) VALUES(42, 'e9225f63e2e203c845ed9d64fca83fe9')"
    ]
  }
}